IOC	Valid From
2	p1v12.17nor.com
3	q908q.refec7.com
4	kjlvo.ningeona.com
5	0q5e0.nemen9.com
6	4343w.jgu0.com
7	pmd8ot6xhw.3qjpc.com
8	8000n.uqin.ru
9	xva.tjlpkcia.com
10	zaqaxu.dthiterp.ru
11	buneji.fiernmar.com
12	gz238.uatimin.com
13	libudi.oreversa.com
14	x12y.restrice.ru
15	8uecv.gnornamb.com
16	roriku.orankfix.com
17	l846d.ferver8.com
18	tlger-surveillance.com
19	wasogo.shantowd.com
20	ex1uo.rhknt.ru
21	xrs.chenebystie.com
22	k348d.venti71.com
23	9c43r.theq0.com
24	oo99v.coqqwx.ru
25	98q5e.ructin.com
26	fisaca.trodeckh.com
27	explore.atlester.ru
28	4m2swl.7e2r.com
29	43rw98nop8.m1p8z.com
30	77p3e.rimesh3.com
31	bloggcenter.com
32	25rw2.canweal.com
33	5me78.methw.ru
34	rlpq.tk9u.com
35	tycoongroup.ws
36	r298y.sem01.com
37	o6t94g.3tdx2r.com
38	n29k4.ilert.ru
39	galume.aricente.com
40	beacon.diremsto.com
41	9oc0y2isa27.demur3.com
42	codecrafterspro.com
43	codecrafters.su
44	zekal6.tnjxb.com
45	35fu2.ouchar.ru
46	devcraftingsolutions.com
47	n9zph.lw8opi.com
48	kjsdflwe.nitertym.ru
49	horizon.sologerg.com
50	zemj4f.ymarir.ru
51	e85t8.nechsha.com
52	6j312.rchan0.com
53	tnyr.moporins.com
54	fiq75d.rexj.ru
55	jp1y36.it2ua.com
